family,seed,method,root_action,optimization_objective,mean_cost,mean_regret,cvar95_regret,worst_regret,worst_cost,satisfaction_all_worlds,worlds
random_hub_m8,0,Worst absolute cost,g,30.0,30.0,23.49945359379582,25.68342325518909,25.68342325518909,30.0,1,256
random_hub_m8,0,Minimax regret,g,25.68342325518909,30.0,23.49945359379582,25.68342325518909,25.68342325518909,30.0,1,256
random_hub_m8,0,Expected cost / regret,u0,18.14442194784038,18.14442194784038,11.6438755416362,30.12800739830832,30.12800739830832,35.2573657828158,1,256
random_hub_m8,0,Dynamic CVaR cost a=0.5,g,30.0,30.0,23.49945359379582,25.68342325518909,25.68342325518909,30.0,1,256
random_hub_m8,0,Proposed dynamic CVaR regret a=0.5,g,25.51226608891777,30.0,23.49945359379582,25.68342325518909,25.68342325518909,30.0,1,256
random_hub_m8,1,Worst absolute cost,g,30.0,30.000000000000004,23.606603613181345,26.76093070252743,26.76093070252743,30.0,1,256
random_hub_m8,1,Minimax regret,g,26.760930702527432,30.000000000000004,23.606603613181345,26.76093070252743,26.76093070252743,30.0,1,256
random_hub_m8,1,Expected cost / regret,u1,18.193559080235463,18.193559080235463,11.800162693416805,31.514435454248062,31.514435454248062,34.753504751720634,1,256
random_hub_m8,1,Dynamic CVaR cost a=0.5,g,30.0,30.000000000000004,23.606603613181345,26.76093070252743,26.76093070252743,30.0,1,256
random_hub_m8,1,Proposed dynamic CVaR regret a=0.5,g,26.0868021892908,30.000000000000004,23.606603613181345,26.76093070252743,26.76093070252743,30.0,1,256
random_hub_m8,2,Worst absolute cost,g,30.0,30.0,24.211442111218552,26.90825519380082,26.90825519380082,30.0,1,256
random_hub_m8,2,Minimax regret,g,26.90825519380082,30.0,24.211442111218552,26.90825519380082,26.90825519380082,30.0,1,256
random_hub_m8,2,Expected cost / regret,u1,16.15256103320772,16.15256103320772,10.364003144426274,30.19183260931564,30.19183260931564,34.79618833184897,1,256
random_hub_m8,2,Dynamic CVaR cost a=0.5,g,30.0,30.0,24.211442111218552,26.90825519380082,26.90825519380082,30.0,1,256
random_hub_m8,2,Proposed dynamic CVaR regret a=0.5,g,26.86588512397077,30.0,24.211442111218552,26.90825519380082,26.90825519380082,30.0,1,256
random_hub_m8,3,Worst absolute cost,g,30.0,30.0,24.045765519806018,27.43286024486371,27.43286024486371,30.0,1,256
random_hub_m8,3,Minimax regret,g,27.43286024486371,30.0,24.045765519806018,27.43286024486371,27.43286024486371,30.0,1,256
random_hub_m8,3,Expected cost / regret,u1,19.34544917077912,19.34544917077912,13.391214690585137,32.39803925964792,32.39803925964792,34.96517901478421,1,256
random_hub_m8,3,Dynamic CVaR cost a=0.5,g,30.0,30.0,24.045765519806018,27.43286024486371,27.43286024486371,30.0,1,256
random_hub_m8,3,Proposed dynamic CVaR regret a=0.5,g,26.99034451884031,30.0,24.045765519806018,27.43286024486371,27.43286024486371,30.0,1,256
random_hub_m8,4,Worst absolute cost,g,30.0,30.000000000000004,23.974544950281878,26.732038056328857,26.732038056328857,30.0,1,256
random_hub_m8,4,Minimax regret,g,26.73203805632886,30.000000000000004,23.974544950281878,26.732038056328857,26.732038056328857,30.0,1,256
random_hub_m8,4,Expected cost / regret,u2,19.03078125589499,19.030781255894986,13.005326206176864,31.00295709178295,31.00295709178295,34.27091903545409,1,256
random_hub_m8,4,Dynamic CVaR cost a=0.5,g,30.0,30.000000000000004,23.974544950281878,26.732038056328857,26.732038056328857,30.0,1,256
random_hub_m8,4,Proposed dynamic CVaR regret a=0.5,g,26.683180030144037,30.000000000000004,23.974544950281878,26.732038056328857,26.732038056328857,30.0,1,256
random_hub_m8,5,Worst absolute cost,g,30.0,30.0,23.403972479742293,26.851116314257684,26.851116314257684,30.0,1,256
random_hub_m8,5,Minimax regret,g,26.85111631425768,30.0,23.403972479742293,26.851116314257684,26.851116314257684,30.0,1,256
random_hub_m8,5,Expected cost / regret,u0,18.811069311172194,18.81106931117219,12.215041790914483,29.506720446745874,29.506720446745874,35.463898044428994,1,256
random_hub_m8,5,Dynamic CVaR cost a=0.5,g,30.0,30.0,23.403972479742293,26.851116314257684,26.851116314257684,30.0,1,256
random_hub_m8,5,Proposed dynamic CVaR regret a=0.5,g,25.83824485556967,30.0,23.403972479742293,26.851116314257684,26.851116314257684,30.0,1,256
random_hub_m8,6,Worst absolute cost,g,30.0,30.0,24.085656802463177,27.43585159279535,27.43585159279535,30.0,1,256
random_hub_m8,6,Minimax regret,g,27.435851592795345,30.0,24.085656802463177,27.43585159279535,27.43585159279535,30.0,1,256
random_hub_m8,6,Expected cost / regret,u0,17.37343265541332,17.37343265541332,11.4590894578765,29.394617504282827,29.394617504282827,35.224156239522664,1,256
random_hub_m8,6,Dynamic CVaR cost a=0.5,g,30.0,30.0,24.085656802463177,27.43585159279535,27.43585159279535,30.0,1,256
random_hub_m8,6,Proposed dynamic CVaR regret a=0.5,g,26.937690490367473,30.0,24.085656802463177,27.43585159279535,27.43585159279535,30.0,1,256
random_hub_m8,7,Worst absolute cost,g,30.0,30.0,24.19702448571446,27.296760028055015,27.296760028055015,30.0,1,256
random_hub_m8,7,Minimax regret,g,27.29676002805502,30.0,24.19702448571446,27.296760028055015,27.296760028055015,30.0,1,256
random_hub_m8,7,Expected cost / regret,u0,19.18421706845759,19.18421706845759,13.381241554172048,31.96417354180231,31.96417354180231,34.78390820164357,1,256
random_hub_m8,7,Dynamic CVaR cost a=0.5,g,30.0,30.0,24.19702448571446,27.296760028055015,27.296760028055015,30.0,1,256
random_hub_m8,7,Proposed dynamic CVaR regret a=0.5,g,27.167178198415264,30.0,24.19702448571446,27.296760028055015,27.296760028055015,30.0,1,256
random_hub_m8,8,Worst absolute cost,g,30.0,30.0,24.270501856544723,26.696987853119634,26.696987853119634,30.0,1,256
random_hub_m8,8,Minimax regret,g,26.696987853119637,30.0,24.270501856544723,26.696987853119634,26.696987853119634,30.0,1,256
random_hub_m8,8,Expected cost / regret,u1,16.918686877082365,16.91868687708237,11.18918873362709,31.00604214470363,31.00604214470363,34.309054291584,1,256
random_hub_m8,8,Dynamic CVaR cost a=0.5,g,30.0,30.0,24.270501856544723,26.696987853119634,26.696987853119634,30.0,1,256
random_hub_m8,8,Proposed dynamic CVaR regret a=0.5,g,26.631020005826073,30.0,24.270501856544723,26.696987853119634,26.696987853119634,30.0,1,256
random_hub_m8,9,Worst absolute cost,g,30.0,30.0,24.26556406242699,27.2701828207479,27.2701828207479,30.0,1,256
random_hub_m8,9,Minimax regret,g,27.2701828207479,30.0,24.26556406242699,27.2701828207479,27.2701828207479,30.0,1,256
random_hub_m8,9,Expected cost / regret,u1,18.500993940766904,18.500993940766904,12.766558003193893,31.542532380586877,31.542532380586877,34.27234955983898,1,256
random_hub_m8,9,Dynamic CVaR cost a=0.5,g,30.0,30.0,24.26556406242699,27.2701828207479,27.2701828207479,30.0,1,256
random_hub_m8,9,Proposed dynamic CVaR regret a=0.5,g,27.204888525757227,30.0,24.26556406242699,27.2701828207479,27.2701828207479,30.0,1,256
intel_map_scLTL,0,Worst absolute cost,bl,25.882819148330952,25.88281914833096,3.8018841514703317,6.360811250144799,6.360811250144799,25.88281914833096,1,32
intel_map_scLTL,0,Minimax regret,bl,6.360811250144792,25.88281914833096,3.8018841514703317,6.360811250144799,6.360811250144799,25.88281914833096,1,32
intel_map_scLTL,0,Expected cost / regret,d0,25.49293041018829,25.492930410188293,3.4119954133276647,6.78291306211209,6.78291306211209,28.282819148330958,1,32
intel_map_scLTL,0,Dynamic CVaR cost a=0.5,bl,25.882819148330952,25.88281914833096,3.8018841514703317,6.360811250144799,6.360811250144799,25.88281914833096,1,32
intel_map_scLTL,0,Proposed dynamic CVaR regret a=0.5,d0,5.644776892872176,25.858152352276782,3.7772173554161546,6.406562630430727,6.406562630430727,28.282819148330958,1,32
