scenario_id,scenario_class,perturbation_target,perturbation_value,alpha,horizon,nominal_support_world_count,true_support_world_count,support_expanded,nominal_zero_mass_true_world_count,nominal_zero_mass_true_prior_mass,total_variation_distance_from_nominal,true_good_mode_weight,local_state,local_open_offset,contamination_mass,nominal_policy_root_action,resynthesized_root_action,root_action_changed,nominal_policy_map_sha256,resynthesized_policy_map_sha256,nominal_policy_evaluation_status,nominal_policy_failure_reasons,nominal_policy_unsupported_world_count,nominal_policy_nested_objective_true_prior,resynthesized_nested_objective_true_prior,nested_objective_improvement_from_resynthesis,nominal_policy_mean_regret_true_prior,resynthesized_mean_regret_true_prior,nominal_policy_cvar95_regret_true_prior,resynthesized_cvar95_regret_true_prior,nominal_policy_worst_regret_true_prior,resynthesized_worst_regret_true_prior,nominal_policy_all_true_worlds_satisfied,nominal_policy_satisfied_true_prior_mass,resynthesized_all_true_worlds_satisfied,resynthesized_satisfied_true_prior_mass,hard_guarantee_retained_by_nominal_policy,exact_world_enumeration
nominal,nominal,none,0,0,11,32,32,0,0,0,0,0.55,,,0,d0,d0,0,C0D853929A0DAB7C8F11BE873737C7A016634087CE1D0A4D09C4010B9C458D3C,C0D853929A0DAB7C8F11BE873737C7A016634087CE1D0A4D09C4010B9C458D3C,complete,,0,3.41199541333,3.41199541333,0,3.41199541333,3.41199541333,6.78291306211,6.78291306211,6.78291306211,6.78291306211,1,1,1,1,1,1
mixture_good_0.35,prior_weight_error,good_mode_weight,-0.2,0,11,32,32,0,0,0,0.176371776,0.35,,,0,d0,bl,1,C0D853929A0DAB7C8F11BE873737C7A016634087CE1D0A4D09C4010B9C458D3C,E306680DA651ADFDDF81BC1101426FA39DE41496199C29D6CBC48BE7C6C4FCA7,complete,,0,3.59532580307,3.08179854091,0.513527262155,3.59532580307,3.08179854091,6.78291306211,6.36081125014,6.78291306211,6.36081125014,1,1,1,1,1,1
mixture_good_0.45,prior_weight_error,good_mode_weight,-0.1,0,11,32,32,0,0,0,0.088185888,0.45,,,0,d0,bl,1,C0D853929A0DAB7C8F11BE873737C7A016634087CE1D0A4D09C4010B9C458D3C,E306680DA651ADFDDF81BC1101426FA39DE41496199C29D6CBC48BE7C6C4FCA7,complete,,0,3.5036606082,3.44184134619,0.0618192620063,3.5036606082,3.44184134619,6.78291306211,6.36081125014,6.78291306211,6.36081125014,1,1,1,1,1,1
mixture_good_0.65,prior_weight_error,good_mode_weight,0.1,0,11,32,32,0,0,0,0.088185888,0.65,,,0,d0,d0,0,C0D853929A0DAB7C8F11BE873737C7A016634087CE1D0A4D09C4010B9C458D3C,C0D853929A0DAB7C8F11BE873737C7A016634087CE1D0A4D09C4010B9C458D3C,complete,,0,3.32033021846,3.32033021846,0,3.32033021846,3.32033021846,6.78291306211,6.78291306211,6.78291306211,6.78291306211,1,1,1,1,1,1
mixture_good_0.75,prior_weight_error,good_mode_weight,0.2,0,11,32,32,0,0,0,0.176371776,0.75,,,0,d0,d0,0,C0D853929A0DAB7C8F11BE873737C7A016634087CE1D0A4D09C4010B9C458D3C,C0D853929A0DAB7C8F11BE873737C7A016634087CE1D0A4D09C4010B9C458D3C,complete,,0,3.22866502359,3.22866502359,0,3.22866502359,3.22866502359,6.78291306211,6.78291306211,6.78291306211,6.78291306211,1,1,1,1,1,1
local_d0_minus_0.10,prior_weight_error,d0_open_probability,-0.1,0,11,32,32,0,0,0,0.1,0.55,d0,-0.1,0,d0,bl,1,C0D853929A0DAB7C8F11BE873737C7A016634087CE1D0A4D09C4010B9C458D3C,E306680DA651ADFDDF81BC1101426FA39DE41496199C29D6CBC48BE7C6C4FCA7,complete,,0,3.59299758265,3.5664592895,0.0265382931558,3.59299758265,3.5664592895,6.78291306211,6.36081125014,6.78291306211,6.36081125014,1,1,1,1,1,1
local_d0_plus_0.10,prior_weight_error,d0_open_probability,0.1,0,11,32,32,0,0,0,0.1,0.55,d0,0.1,0,d0,d0,0,C0D853929A0DAB7C8F11BE873737C7A016634087CE1D0A4D09C4010B9C458D3C,C0D853929A0DAB7C8F11BE873737C7A016634087CE1D0A4D09C4010B9C458D3C,complete,,0,3.230993244,3.230993244,0,3.230993244,3.230993244,6.78291306211,6.78291306211,6.78291306211,6.78291306211,1,1,1,1,1,1
local_d1_minus_0.10,prior_weight_error,d1_open_probability,-0.1,0,11,32,32,0,0,0,0.1,0.55,d1,-0.1,0,d0,d0,0,C0D853929A0DAB7C8F11BE873737C7A016634087CE1D0A4D09C4010B9C458D3C,60631441785E99E76D436F1B20E2716209F7293BE733AA96E4D968BE2B1DD89C,complete,,0,3.60458905818,3.41943177774,0.18515728044,3.60458905818,3.41943177774,6.78291306211,7.94511566422,6.78291306211,7.94511566422,1,1,1,1,1,1
local_d1_plus_0.10,prior_weight_error,d1_open_probability,0.1,0,11,32,32,0,0,0,0.1,0.55,d1,0.1,0,d0,d0,0,C0D853929A0DAB7C8F11BE873737C7A016634087CE1D0A4D09C4010B9C458D3C,C0D853929A0DAB7C8F11BE873737C7A016634087CE1D0A4D09C4010B9C458D3C,complete,,0,3.21940176848,3.21940176848,0,3.21940176848,3.21940176848,6.78291306211,6.78291306211,6.78291306211,6.78291306211,1,1,1,1,1,1
local_d2_minus_0.10,prior_weight_error,d2_open_probability,-0.1,0,11,32,32,0,0,0,0.1,0.55,d2,-0.1,0,d0,d0,0,C0D853929A0DAB7C8F11BE873737C7A016634087CE1D0A4D09C4010B9C458D3C,60631441785E99E76D436F1B20E2716209F7293BE733AA96E4D968BE2B1DD89C,complete,,0,3.49339927574,3.43622152832,0.0571777474188,3.49339927574,3.43622152832,6.78291306211,7.94511566422,6.78291306211,7.94511566422,1,1,1,1,1,1
local_d2_plus_0.10,prior_weight_error,d2_open_probability,0.1,0,11,32,32,0,0,0,0.1,0.55,d2,0.1,0,d0,d0,0,C0D853929A0DAB7C8F11BE873737C7A016634087CE1D0A4D09C4010B9C458D3C,C0D853929A0DAB7C8F11BE873737C7A016634087CE1D0A4D09C4010B9C458D3C,complete,,0,3.33059155092,3.33059155092,0,3.33059155092,3.33059155092,6.78291306211,6.78291306211,6.78291306211,6.78291306211,1,1,1,1,1,1
local_d3_minus_0.10,prior_weight_error,d3_open_probability,-0.1,0,11,32,32,0,0,0,0.1,0.55,d3,-0.1,0,d0,d0,0,C0D853929A0DAB7C8F11BE873737C7A016634087CE1D0A4D09C4010B9C458D3C,C0D853929A0DAB7C8F11BE873737C7A016634087CE1D0A4D09C4010B9C458D3C,complete,,0,3.33862929831,3.33862929831,0,3.33862929831,3.33862929831,6.78291306211,6.78291306211,6.78291306211,6.78291306211,1,1,1,1,1,1
local_d3_plus_0.10,prior_weight_error,d3_open_probability,0.1,0,11,32,32,0,0,0,0.1,0.55,d3,0.1,0,d0,d0,0,C0D853929A0DAB7C8F11BE873737C7A016634087CE1D0A4D09C4010B9C458D3C,60631441785E99E76D436F1B20E2716209F7293BE733AA96E4D968BE2B1DD89C,complete,,0,3.48536152835,3.28017650027,0.205185028073,3.48536152835,3.28017650027,6.78291306211,7.64288892772,6.78291306211,7.94511566422,1,1,1,1,1,1
local_d4_minus_0.10,prior_weight_error,d4_open_probability,-0.1,0,11,32,32,0,0,0,0.1,0.55,d4,-0.1,0,d0,d0,0,C0D853929A0DAB7C8F11BE873737C7A016634087CE1D0A4D09C4010B9C458D3C,C0D853929A0DAB7C8F11BE873737C7A016634087CE1D0A4D09C4010B9C458D3C,complete,,0,3.29953930317,3.29953930317,0,3.29953930317,3.29953930317,6.78291306211,6.78291306211,6.78291306211,6.78291306211,1,1,1,1,1,1
local_d4_plus_0.10,prior_weight_error,d4_open_probability,0.1,0,11,32,32,0,0,0,0.1,0.55,d4,0.1,0,d0,d0,0,C0D853929A0DAB7C8F11BE873737C7A016634087CE1D0A4D09C4010B9C458D3C,B8A25B963EFBEC3FF162C5D0F17D3041C1F9CE46DC26D08E59BB7A3D403D90DD,complete,,0,3.52445152348,3.33119666044,0.193254863038,3.52445152348,3.33119666044,6.78291306211,9.73908302449,6.78291306211,10.2430064476,1,1,1,1,1,1
support_d0_jam_0.001,missing_support_error,d0_jammed_dead_end_world,0.001,0,11,32,33,1,1,0.001,0.001,,,,0.001,d0,bl,1,C0D853929A0DAB7C8F11BE873737C7A016634087CE1D0A4D09C4010B9C458D3C,E306680DA651ADFDDF81BC1101426FA39DE41496199C29D6CBC48BE7C6C4FCA7,undefined_on_expanded_support,undefined_out_of_support_history:1,1,,3.79808226732,,,3.79808226732,,6.36081125014,,6.36081125014,0,0.999,1,1,0,1
support_d0_jam_0.005,missing_support_error,d0_jammed_dead_end_world,0.005,0,11,32,33,1,1,0.005,0.005,,,,0.005,d0,bl,1,C0D853929A0DAB7C8F11BE873737C7A016634087CE1D0A4D09C4010B9C458D3C,E306680DA651ADFDDF81BC1101426FA39DE41496199C29D6CBC48BE7C6C4FCA7,undefined_on_expanded_support,undefined_out_of_support_history:1,1,,3.78287473071,,,3.78287473071,,6.36081125014,,6.36081125014,0,0.995,1,1,0,1
support_d0_jam_0.010,missing_support_error,d0_jammed_dead_end_world,0.01,0,11,32,33,1,1,0.01,0.01,,,,0.01,d0,bl,1,C0D853929A0DAB7C8F11BE873737C7A016634087CE1D0A4D09C4010B9C458D3C,E306680DA651ADFDDF81BC1101426FA39DE41496199C29D6CBC48BE7C6C4FCA7,undefined_on_expanded_support,undefined_out_of_support_history:1,1,,3.76386530996,,,3.76386530996,,6.36081125014,,6.36081125014,0,0.99,1,1,0,1
support_d0_jam_0.020,missing_support_error,d0_jammed_dead_end_world,0.02,0,11,32,33,1,1,0.02,0.02,,,,0.02,d0,bl,1,C0D853929A0DAB7C8F11BE873737C7A016634087CE1D0A4D09C4010B9C458D3C,E306680DA651ADFDDF81BC1101426FA39DE41496199C29D6CBC48BE7C6C4FCA7,undefined_on_expanded_support,undefined_out_of_support_history:1,1,,3.72584646844,,,3.72584646844,,6.36081125014,,6.36081125014,0,0.98,1,1,0,1
support_d0_jam_0.050,missing_support_error,d0_jammed_dead_end_world,0.05,0,11,32,33,1,1,0.05,0.05,,,,0.05,d0,bl,1,C0D853929A0DAB7C8F11BE873737C7A016634087CE1D0A4D09C4010B9C458D3C,E306680DA651ADFDDF81BC1101426FA39DE41496199C29D6CBC48BE7C6C4FCA7,undefined_on_expanded_support,undefined_out_of_support_history:1,1,,3.6117899439,,,3.6117899439,,6.36081125014,,6.36081125014,0,0.95,1,1,0,1
nominal,nominal,none,0,0.25,11,32,32,0,0,0,0,0.55,,,0,d0,d0,0,C0D853929A0DAB7C8F11BE873737C7A016634087CE1D0A4D09C4010B9C458D3C,C0D853929A0DAB7C8F11BE873737C7A016634087CE1D0A4D09C4010B9C458D3C,complete,,0,4.48733652082,4.48733652082,0,3.41199541333,3.41199541333,6.78291306211,6.78291306211,6.78291306211,6.78291306211,1,1,1,1,1,1
mixture_good_0.35,prior_weight_error,good_mode_weight,-0.2,0.25,11,32,32,0,0,0,0.176371776,0.35,,,0,d0,bl,1,C0D853929A0DAB7C8F11BE873737C7A016634087CE1D0A4D09C4010B9C458D3C,E306680DA651ADFDDF81BC1101426FA39DE41496199C29D6CBC48BE7C6C4FCA7,complete,,0,4.50667817292,4.09015420061,0.41652397231,3.59532580307,3.08179854091,6.78291306211,6.36081125014,6.78291306211,6.36081125014,1,1,1,1,1,1
mixture_good_0.45,prior_weight_error,good_mode_weight,-0.1,0.25,11,32,32,0,0,0,0.088185888,0.45,,,0,d0,bl,1,C0D853929A0DAB7C8F11BE873737C7A016634087CE1D0A4D09C4010B9C458D3C,E306680DA651ADFDDF81BC1101426FA39DE41496199C29D6CBC48BE7C6C4FCA7,complete,,0,4.50868028916,4.4908118136,0.0178684755571,3.5036606082,3.44184134619,6.78291306211,6.36081125014,6.78291306211,6.36081125014,1,1,1,1,1,1
mixture_good_0.65,prior_weight_error,good_mode_weight,0.1,0.25,11,32,32,0,0,0,0.088185888,0.65,,,0,d0,d0,0,C0D853929A0DAB7C8F11BE873737C7A016634087CE1D0A4D09C4010B9C458D3C,C0D853929A0DAB7C8F11BE873737C7A016634087CE1D0A4D09C4010B9C458D3C,complete,,0,4.43871152415,4.43871152415,0,3.32033021846,3.32033021846,6.78291306211,6.78291306211,6.78291306211,6.78291306211,1,1,1,1,1,1
mixture_good_0.75,prior_weight_error,good_mode_weight,0.2,0.25,11,32,32,0,0,0,0.176371776,0.75,,,0,d0,d0,0,C0D853929A0DAB7C8F11BE873737C7A016634087CE1D0A4D09C4010B9C458D3C,C0D853929A0DAB7C8F11BE873737C7A016634087CE1D0A4D09C4010B9C458D3C,complete,,0,4.36657668457,4.36657668457,0,3.22866502359,3.22866502359,6.78291306211,6.78291306211,6.78291306211,6.78291306211,1,1,1,1,1,1
local_d0_minus_0.10,prior_weight_error,d0_open_probability,-0.1,0.25,11,32,32,0,0,0,0.1,0.55,d0,-0.1,0,d0,bl,1,C0D853929A0DAB7C8F11BE873737C7A016634087CE1D0A4D09C4010B9C458D3C,E306680DA651ADFDDF81BC1101426FA39DE41496199C29D6CBC48BE7C6C4FCA7,complete,,0,4.73666125316,4.60824889624,0.128412356915,3.59299758265,3.5664592895,6.78291306211,6.36081125014,6.78291306211,6.36081125014,1,1,1,1,1,1
local_d0_plus_0.10,prior_weight_error,d0_open_probability,0.1,0.25,11,32,32,0,0,0,0.1,0.55,d0,0.1,0,d0,d0,0,C0D853929A0DAB7C8F11BE873737C7A016634087CE1D0A4D09C4010B9C458D3C,F774D590279CE16E2AFE1201E18843F5CC8522F1120C72615197F772CDA19BF1,complete,,0,4.25001509479,4.24696501189,0.00305008289754,3.230993244,3.53721735542,6.78291306211,6.40656263043,6.78291306211,6.40656263043,1,1,1,1,1,1
local_d1_minus_0.10,prior_weight_error,d1_open_probability,-0.1,0.25,11,32,32,0,0,0,0.1,0.55,d1,-0.1,0,d0,d0,0,C0D853929A0DAB7C8F11BE873737C7A016634087CE1D0A4D09C4010B9C458D3C,F774D590279CE16E2AFE1201E18843F5CC8522F1120C72615197F772CDA19BF1,complete,,0,4.61260233606,4.40122237804,0.211379958017,3.60458905818,3.66117178166,6.78291306211,6.40656263043,6.78291306211,6.40656263043,1,1,1,1,1,1
local_d1_plus_0.10,prior_weight_error,d1_open_probability,0.1,0.25,11,32,32,0,0,0,0.1,0.55,d1,0.1,0,d0,d0,0,C0D853929A0DAB7C8F11BE873737C7A016634087CE1D0A4D09C4010B9C458D3C,C0D853929A0DAB7C8F11BE873737C7A016634087CE1D0A4D09C4010B9C458D3C,complete,,0,4.35360049887,4.35360049887,0,3.21940176848,3.21940176848,6.78291306211,6.78291306211,6.78291306211,6.78291306211,1,1,1,1,1,1
local_d2_minus_0.10,prior_weight_error,d2_open_probability,-0.1,0.25,11,32,32,0,0,0,0.1,0.55,d2,-0.1,0,d0,d0,0,C0D853929A0DAB7C8F11BE873737C7A016634087CE1D0A4D09C4010B9C458D3C,F774D590279CE16E2AFE1201E18843F5CC8522F1120C72615197F772CDA19BF1,complete,,0,4.50178477129,4.42424992785,0.0775348434409,3.49339927574,3.67796153225,6.78291306211,6.40656263043,6.78291306211,6.40656263043,1,1,1,1,1,1
local_d2_plus_0.10,prior_weight_error,d2_open_probability,0.1,0.25,11,32,32,0,0,0,0.1,0.55,d2,0.1,0,d0,d0,0,C0D853929A0DAB7C8F11BE873737C7A016634087CE1D0A4D09C4010B9C458D3C,C0D853929A0DAB7C8F11BE873737C7A016634087CE1D0A4D09C4010B9C458D3C,complete,,0,4.46833202519,4.46833202519,0,3.33059155092,3.33059155092,6.78291306211,6.78291306211,6.78291306211,6.78291306211,1,1,1,1,1,1
local_d3_minus_0.10,prior_weight_error,d3_open_probability,-0.1,0.25,11,32,32,0,0,0,0.1,0.55,d3,-0.1,0,d0,d0,0,C0D853929A0DAB7C8F11BE873737C7A016634087CE1D0A4D09C4010B9C458D3C,C0D853929A0DAB7C8F11BE873737C7A016634087CE1D0A4D09C4010B9C458D3C,complete,,0,4.37206364579,4.37206364579,0,3.33862929831,3.33862929831,6.78291306211,6.78291306211,6.78291306211,6.78291306211,1,1,1,1,1,1
local_d3_plus_0.10,prior_weight_error,d3_open_probability,0.1,0.25,11,32,32,0,0,0,0.1,0.55,d3,0.1,0,d0,d0,0,C0D853929A0DAB7C8F11BE873737C7A016634087CE1D0A4D09C4010B9C458D3C,60631441785E99E76D436F1B20E2716209F7293BE733AA96E4D968BE2B1DD89C,complete,,0,4.5980531507,4.3684392161,0.229613934596,3.48536152835,3.28017650027,6.78291306211,7.64288892772,6.78291306211,7.94511566422,1,1,1,1,1,1
local_d4_minus_0.10,prior_weight_error,d4_open_probability,-0.1,0.25,11,32,32,0,0,0,0.1,0.55,d4,-0.1,0,d0,d0,0,C0D853929A0DAB7C8F11BE873737C7A016634087CE1D0A4D09C4010B9C458D3C,C0D853929A0DAB7C8F11BE873737C7A016634087CE1D0A4D09C4010B9C458D3C,complete,,0,4.31194910686,4.31194910686,0,3.29953930317,3.29953930317,6.78291306211,6.78291306211,6.78291306211,6.78291306211,1,1,1,1,1,1
local_d4_plus_0.10,prior_weight_error,d4_open_probability,0.1,0.25,11,32,32,0,0,0,0.1,0.55,d4,0.1,0,d0,d0,0,C0D853929A0DAB7C8F11BE873737C7A016634087CE1D0A4D09C4010B9C458D3C,B8A25B963EFBEC3FF162C5D0F17D3041C1F9CE46DC26D08E59BB7A3D403D90DD,complete,,0,4.65574010332,4.47305902261,0.182681080714,3.52445152348,3.33119666044,6.78291306211,9.73908302449,6.78291306211,10.2430064476,1,1,1,1,1,1
support_d0_jam_0.001,missing_support_error,d0_jammed_dead_end_world,0.001,0.25,11,32,33,1,1,0.001,0.001,,,,0.001,d0,bl,1,C0D853929A0DAB7C8F11BE873737C7A016634087CE1D0A4D09C4010B9C458D3C,E306680DA651ADFDDF81BC1101426FA39DE41496199C29D6CBC48BE7C6C4FCA7,undefined_on_expanded_support,undefined_out_of_support_history:1,1,,4.85613116099,,,3.79808226732,,6.36081125014,,6.36081125014,0,0.999,1,1,0,1
support_d0_jam_0.005,missing_support_error,d0_jammed_dead_end_world,0.005,0.25,11,32,33,1,1,0.005,0.005,,,,0.005,d0,bl,1,C0D853929A0DAB7C8F11BE873737C7A016634087CE1D0A4D09C4010B9C458D3C,E306680DA651ADFDDF81BC1101426FA39DE41496199C29D6CBC48BE7C6C4FCA7,undefined_on_expanded_support,undefined_out_of_support_history:1,1,,4.84611361328,,,3.78287473071,,6.36081125014,,6.36081125014,0,0.995,1,1,0,1
support_d0_jam_0.010,missing_support_error,d0_jammed_dead_end_world,0.01,0.25,11,32,33,1,1,0.01,0.01,,,,0.01,d0,bl,1,C0D853929A0DAB7C8F11BE873737C7A016634087CE1D0A4D09C4010B9C458D3C,E306680DA651ADFDDF81BC1101426FA39DE41496199C29D6CBC48BE7C6C4FCA7,undefined_on_expanded_support,undefined_out_of_support_history:1,1,,4.83359167864,,,3.76386530996,,6.36081125014,,6.36081125014,0,0.99,1,1,0,1
support_d0_jam_0.020,missing_support_error,d0_jammed_dead_end_world,0.02,0.25,11,32,33,1,1,0.02,0.02,,,,0.02,d0,bl,1,C0D853929A0DAB7C8F11BE873737C7A016634087CE1D0A4D09C4010B9C458D3C,E306680DA651ADFDDF81BC1101426FA39DE41496199C29D6CBC48BE7C6C4FCA7,undefined_on_expanded_support,undefined_out_of_support_history:1,1,,4.80614457238,,,3.72584646844,,6.36081125014,,6.36081125014,0,0.98,1,1,0,1
support_d0_jam_0.050,missing_support_error,d0_jammed_dead_end_world,0.05,0.25,11,32,33,1,1,0.05,0.05,,,,0.05,d0,bl,1,C0D853929A0DAB7C8F11BE873737C7A016634087CE1D0A4D09C4010B9C458D3C,E306680DA651ADFDDF81BC1101426FA39DE41496199C29D6CBC48BE7C6C4FCA7,undefined_on_expanded_support,undefined_out_of_support_history:1,1,,4.72375180705,,,3.6117899439,,6.36081125014,,6.36081125014,0,0.95,1,1,0,1
nominal,nominal,none,0,0.5,11,32,32,0,0,0,0,0.55,,,0,d0,d0,0,F774D590279CE16E2AFE1201E18843F5CC8522F1120C72615197F772CDA19BF1,F774D590279CE16E2AFE1201E18843F5CC8522F1120C72615197F772CDA19BF1,complete,,0,5.64477689287,5.64477689287,0,3.77721735542,3.77721735542,6.40656263043,6.40656263043,6.40656263043,6.40656263043,1,1,1,1,1,1
mixture_good_0.35,prior_weight_error,good_mode_weight,-0.2,0.5,11,32,32,0,0,0,0.176371776,0.35,,,0,d0,bl,1,F774D590279CE16E2AFE1201E18843F5CC8522F1120C72615197F772CDA19BF1,E306680DA651ADFDDF81BC1101426FA39DE41496199C29D6CBC48BE7C6C4FCA7,complete,,0,5.39503163011,5.00064830048,0.394383329633,3.62764157922,3.08179854091,6.40656263043,6.36081125014,6.40656263043,6.36081125014,1,1,1,1,1,1
mixture_good_0.45,prior_weight_error,good_mode_weight,-0.1,0.5,11,32,32,0,0,0,0.088185888,0.45,,,0,d0,bl,1,F774D590279CE16E2AFE1201E18843F5CC8522F1120C72615197F772CDA19BF1,E306680DA651ADFDDF81BC1101426FA39DE41496199C29D6CBC48BE7C6C4FCA7,complete,,0,5.52304551974,5.42676933198,0.0962761877577,3.70242946732,3.44184134619,6.40656263043,6.36081125014,6.40656263043,6.36081125014,1,1,1,1,1,1
mixture_good_0.65,prior_weight_error,good_mode_weight,0.1,0.5,11,32,32,0,0,0,0.088185888,0.65,,,0,d0,d0,0,F774D590279CE16E2AFE1201E18843F5CC8522F1120C72615197F772CDA19BF1,F774D590279CE16E2AFE1201E18843F5CC8522F1120C72615197F772CDA19BF1,complete,,0,5.58308515933,5.58308515933,0,3.85200524351,3.85200524351,6.40656263043,6.40656263043,6.40656263043,6.40656263043,1,1,1,1,1,1
mixture_good_0.75,prior_weight_error,good_mode_weight,0.2,0.5,11,32,32,0,0,0,0.176371776,0.75,,,0,d0,d0,0,F774D590279CE16E2AFE1201E18843F5CC8522F1120C72615197F772CDA19BF1,F774D590279CE16E2AFE1201E18843F5CC8522F1120C72615197F772CDA19BF1,complete,,0,5.50185717362,5.50185717362,0,3.92679313161,3.92679313161,6.40656263043,6.40656263043,6.40656263043,6.40656263043,1,1,1,1,1,1
local_d0_minus_0.10,prior_weight_error,d0_open_probability,-0.1,0.5,11,32,32,0,0,0,0.1,0.55,d0,-0.1,0,d0,bl,1,F774D590279CE16E2AFE1201E18843F5CC8522F1120C72615197F772CDA19BF1,E306680DA651ADFDDF81BC1101426FA39DE41496199C29D6CBC48BE7C6C4FCA7,complete,,0,5.77511093621,5.49178299668,0.283327939531,4.01721735542,3.5664592895,6.40656263043,6.36081125014,6.40656263043,6.36081125014,1,1,1,1,1,1
local_d0_plus_0.10,prior_weight_error,d0_open_probability,0.1,0.5,11,32,32,0,0,0,0.1,0.55,d0,0.1,0,d0,d0,0,F774D590279CE16E2AFE1201E18843F5CC8522F1120C72615197F772CDA19BF1,F774D590279CE16E2AFE1201E18843F5CC8522F1120C72615197F772CDA19BF1,complete,,0,5.16523241186,5.16523241186,0,3.53721735542,3.53721735542,6.40656263043,6.40656263043,6.40656263043,6.40656263043,1,1,1,1,1,1
local_d1_minus_0.10,prior_weight_error,d1_open_probability,-0.1,0.5,11,32,32,0,0,0,0.1,0.55,d1,-0.1,0,d0,d0,0,F774D590279CE16E2AFE1201E18843F5CC8522F1120C72615197F772CDA19BF1,F774D590279CE16E2AFE1201E18843F5CC8522F1120C72615197F772CDA19BF1,complete,,0,5.56336913078,5.56336913078,0,3.66117178166,3.66117178166,6.40656263043,6.40656263043,6.40656263043,6.40656263043,1,1,1,1,1,1
local_d1_plus_0.10,prior_weight_error,d1_open_probability,0.1,0.5,11,32,32,0,0,0,0.1,0.55,d1,0.1,0,d0,d0,0,F774D590279CE16E2AFE1201E18843F5CC8522F1120C72615197F772CDA19BF1,A13853B281E77DD4F6D072C3BFBBE9A3FCA7AE47729EEAADB0131D1325FA98B0,complete,,0,5.7207403206,5.72016725139,0.000573069200069,3.89326292917,3.45064645122,6.40656263043,6.78291306211,6.40656263043,6.78291306211,1,1,1,1,1,1
local_d2_minus_0.10,prior_weight_error,d2_open_probability,-0.1,0.5,11,32,32,0,0,0,0.1,0.55,d2,-0.1,0,d0,d0,0,F774D590279CE16E2AFE1201E18843F5CC8522F1120C72615197F772CDA19BF1,F774D590279CE16E2AFE1201E18843F5CC8522F1120C72615197F772CDA19BF1,complete,,0,5.56336913078,5.56336913078,0,3.67796153225,3.67796153225,6.40656263043,6.40656263043,6.40656263043,6.40656263043,1,1,1,1,1,1
local_d2_plus_0.10,prior_weight_error,d2_open_probability,0.1,0.5,11,32,32,0,0,0,0.1,0.55,d2,0.1,0,d0,d0,0,F774D590279CE16E2AFE1201E18843F5CC8522F1120C72615197F772CDA19BF1,F774D590279CE16E2AFE1201E18843F5CC8522F1120C72615197F772CDA19BF1,complete,,0,5.7207403206,5.7207403206,0,3.87647317859,3.87647317859,6.40656263043,6.40656263043,6.40656263043,6.40656263043,1,1,1,1,1,1
local_d3_minus_0.10,prior_weight_error,d3_open_probability,-0.1,0.5,11,32,32,0,0,0,0.1,0.55,d3,-0.1,0,d0,d0,0,F774D590279CE16E2AFE1201E18843F5CC8522F1120C72615197F772CDA19BF1,F774D590279CE16E2AFE1201E18843F5CC8522F1120C72615197F772CDA19BF1,complete,,0,5.60144191689,5.60144191689,0,3.7038512404,3.7038512404,6.40656263043,6.40656263043,6.40656263043,6.40656263043,1,1,1,1,1,1
local_d3_plus_0.10,prior_weight_error,d3_open_probability,0.1,0.5,11,32,32,0,0,0,0.1,0.55,d3,0.1,0,d0,d0,0,F774D590279CE16E2AFE1201E18843F5CC8522F1120C72615197F772CDA19BF1,F774D590279CE16E2AFE1201E18843F5CC8522F1120C72615197F772CDA19BF1,complete,,0,5.64477689287,5.64477689287,0,3.85058347043,3.85058347043,6.40656263043,6.40656263043,6.40656263043,6.40656263043,1,1,1,1,1,1
local_d4_minus_0.10,prior_weight_error,d4_open_probability,-0.1,0.5,11,32,32,0,0,0,0.1,0.55,d4,-0.1,0,d0,d0,0,F774D590279CE16E2AFE1201E18843F5CC8522F1120C72615197F772CDA19BF1,F774D590279CE16E2AFE1201E18843F5CC8522F1120C72615197F772CDA19BF1,complete,,0,5.50427480839,5.50427480839,0,3.66476124526,3.66476124526,6.40656263043,6.40656263043,6.40656263043,6.40656263043,1,1,1,1,1,1
local_d4_plus_0.10,prior_weight_error,d4_open_probability,0.1,0.5,11,32,32,0,0,0,0.1,0.55,d4,0.1,0,d0,d0,0,F774D590279CE16E2AFE1201E18843F5CC8522F1120C72615197F772CDA19BF1,F774D590279CE16E2AFE1201E18843F5CC8522F1120C72615197F772CDA19BF1,complete,,0,5.74194400137,5.74194400137,0,3.88967346557,3.88967346557,6.40656263043,6.40656263043,6.40656263043,6.40656263043,1,1,1,1,1,1
support_d0_jam_0.001,missing_support_error,d0_jammed_dead_end_world,0.001,0.5,11,32,33,1,1,0.001,0.001,,,,0.001,d0,bl,1,F774D590279CE16E2AFE1201E18843F5CC8522F1120C72615197F772CDA19BF1,E306680DA651ADFDDF81BC1101426FA39DE41496199C29D6CBC48BE7C6C4FCA7,undefined_on_expanded_support,undefined_out_of_support_history:1,1,,5.74795002368,,,3.79808226732,,6.36081125014,,6.36081125014,0,0.999,1,1,0,1
support_d0_jam_0.005,missing_support_error,d0_jammed_dead_end_world,0.005,0.5,11,32,33,1,1,0.005,0.005,,,,0.005,d0,bl,1,F774D590279CE16E2AFE1201E18843F5CC8522F1120C72615197F772CDA19BF1,E306680DA651ADFDDF81BC1101426FA39DE41496199C29D6CBC48BE7C6C4FCA7,undefined_on_expanded_support,undefined_out_of_support_history:1,1,,5.74097750159,,,3.78287473071,,6.36081125014,,6.36081125014,0,0.995,1,1,0,1
support_d0_jam_0.010,missing_support_error,d0_jammed_dead_end_world,0.01,0.5,11,32,33,1,1,0.01,0.01,,,,0.01,d0,bl,1,F774D590279CE16E2AFE1201E18843F5CC8522F1120C72615197F772CDA19BF1,E306680DA651ADFDDF81BC1101426FA39DE41496199C29D6CBC48BE7C6C4FCA7,undefined_on_expanded_support,undefined_out_of_support_history:1,1,,5.73226184897,,,3.76386530996,,6.36081125014,,6.36081125014,0,0.99,1,1,0,1
support_d0_jam_0.020,missing_support_error,d0_jammed_dead_end_world,0.02,0.5,11,32,33,1,1,0.02,0.02,,,,0.02,d0,bl,1,F774D590279CE16E2AFE1201E18843F5CC8522F1120C72615197F772CDA19BF1,E306680DA651ADFDDF81BC1101426FA39DE41496199C29D6CBC48BE7C6C4FCA7,undefined_on_expanded_support,undefined_out_of_support_history:1,1,,5.71483054373,,,3.72584646844,,6.36081125014,,6.36081125014,0,0.98,1,1,0,1
support_d0_jam_0.050,missing_support_error,d0_jammed_dead_end_world,0.05,0.5,11,32,33,1,1,0.05,0.05,,,,0.05,d0,bl,1,F774D590279CE16E2AFE1201E18843F5CC8522F1120C72615197F772CDA19BF1,E306680DA651ADFDDF81BC1101426FA39DE41496199C29D6CBC48BE7C6C4FCA7,undefined_on_expanded_support,undefined_out_of_support_history:1,1,,5.66253662802,,,3.6117899439,,6.36081125014,,6.36081125014,0,0.95,1,1,0,1
nominal,nominal,none,0,0.75,11,32,32,0,0,0,0,0.55,,,0,d0,d0,0,F774D590279CE16E2AFE1201E18843F5CC8522F1120C72615197F772CDA19BF1,F774D590279CE16E2AFE1201E18843F5CC8522F1120C72615197F772CDA19BF1,complete,,0,6.13524882786,6.13524882786,0,3.77721735542,3.77721735542,6.40656263043,6.40656263043,6.40656263043,6.40656263043,1,1,1,1,1,1
mixture_good_0.35,prior_weight_error,good_mode_weight,-0.2,0.75,11,32,32,0,0,0,0.176371776,0.35,,,0,d0,d0,0,F774D590279CE16E2AFE1201E18843F5CC8522F1120C72615197F772CDA19BF1,F774D590279CE16E2AFE1201E18843F5CC8522F1120C72615197F772CDA19BF1,complete,,0,5.88494051189,5.88494051189,0,3.62764157922,3.62764157922,6.40656263043,6.40656263043,6.40656263043,6.40656263043,1,1,1,1,1,1
mixture_good_0.45,prior_weight_error,good_mode_weight,-0.1,0.75,11,32,32,0,0,0,0.088185888,0.45,,,0,d0,d0,0,F774D590279CE16E2AFE1201E18843F5CC8522F1120C72615197F772CDA19BF1,F774D590279CE16E2AFE1201E18843F5CC8522F1120C72615197F772CDA19BF1,complete,,0,5.996441489,5.996441489,0,3.70242946732,3.70242946732,6.40656263043,6.40656263043,6.40656263043,6.40656263043,1,1,1,1,1,1
mixture_good_0.65,prior_weight_error,good_mode_weight,0.1,0.75,11,32,32,0,0,0,0.088185888,0.65,,,0,d0,d0,0,F774D590279CE16E2AFE1201E18843F5CC8522F1120C72615197F772CDA19BF1,F774D590279CE16E2AFE1201E18843F5CC8522F1120C72615197F772CDA19BF1,complete,,0,6.31279309849,6.31279309849,0,3.85200524351,3.85200524351,6.40656263043,6.40656263043,6.40656263043,6.40656263043,1,1,1,1,1,1
mixture_good_0.75,prior_weight_error,good_mode_weight,0.2,0.75,11,32,32,0,0,0,0.176371776,0.75,,,0,d0,bl,1,F774D590279CE16E2AFE1201E18843F5CC8522F1120C72615197F772CDA19BF1,E306680DA651ADFDDF81BC1101426FA39DE41496199C29D6CBC48BE7C6C4FCA7,complete,,0,6.40656263043,6.36081125014,0.0457513802859,3.92679313161,4.52196976203,6.40656263043,6.36081125014,6.40656263043,6.36081125014,1,1,1,1,1,1
local_d0_minus_0.10,prior_weight_error,d0_open_probability,-0.1,0.75,11,32,32,0,0,0,0.1,0.55,d0,-0.1,0,d0,d0,0,F774D590279CE16E2AFE1201E18843F5CC8522F1120C72615197F772CDA19BF1,F774D590279CE16E2AFE1201E18843F5CC8522F1120C72615197F772CDA19BF1,complete,,0,6.24176438087,6.24176438087,0,4.01721735542,4.01721735542,6.40656263043,6.40656263043,6.40656263043,6.40656263043,1,1,1,1,1,1
local_d0_plus_0.10,prior_weight_error,d0_open_probability,0.1,0.75,11,32,32,0,0,0,0.1,0.55,d0,0.1,0,d0,d0,0,F774D590279CE16E2AFE1201E18843F5CC8522F1120C72615197F772CDA19BF1,F774D590279CE16E2AFE1201E18843F5CC8522F1120C72615197F772CDA19BF1,complete,,0,5.97410991432,5.97410991432,0,3.53721735542,3.53721735542,6.40656263043,6.40656263043,6.40656263043,6.40656263043,1,1,1,1,1,1
local_d1_minus_0.10,prior_weight_error,d1_open_probability,-0.1,0.75,11,32,32,0,0,0,0.1,0.55,d1,-0.1,0,d0,d0,0,F774D590279CE16E2AFE1201E18843F5CC8522F1120C72615197F772CDA19BF1,F774D590279CE16E2AFE1201E18843F5CC8522F1120C72615197F772CDA19BF1,complete,,0,6.01710741902,6.01710741902,0,3.66117178166,3.66117178166,6.40656263043,6.40656263043,6.40656263043,6.40656263043,1,1,1,1,1,1
local_d1_plus_0.10,prior_weight_error,d1_open_probability,0.1,0.75,11,32,32,0,0,0,0.1,0.55,d1,0.1,0,d0,d0,0,F774D590279CE16E2AFE1201E18843F5CC8522F1120C72615197F772CDA19BF1,F774D590279CE16E2AFE1201E18843F5CC8522F1120C72615197F772CDA19BF1,complete,,0,6.25339023669,6.25339023669,0,3.89326292917,3.89326292917,6.40656263043,6.40656263043,6.40656263043,6.40656263043,1,1,1,1,1,1
local_d2_minus_0.10,prior_weight_error,d2_open_probability,-0.1,0.75,11,32,32,0,0,0,0.1,0.55,d2,-0.1,0,d0,d0,0,F774D590279CE16E2AFE1201E18843F5CC8522F1120C72615197F772CDA19BF1,F774D590279CE16E2AFE1201E18843F5CC8522F1120C72615197F772CDA19BF1,complete,,0,6.01710741902,6.01710741902,0,3.67796153225,3.67796153225,6.40656263043,6.40656263043,6.40656263043,6.40656263043,1,1,1,1,1,1
local_d2_plus_0.10,prior_weight_error,d2_open_probability,0.1,0.75,11,32,32,0,0,0,0.1,0.55,d2,0.1,0,d0,d0,0,F774D590279CE16E2AFE1201E18843F5CC8522F1120C72615197F772CDA19BF1,F774D590279CE16E2AFE1201E18843F5CC8522F1120C72615197F772CDA19BF1,complete,,0,6.25339023669,6.25339023669,0,3.87647317859,3.87647317859,6.40656263043,6.40656263043,6.40656263043,6.40656263043,1,1,1,1,1,1
local_d3_minus_0.10,prior_weight_error,d3_open_probability,-0.1,0.75,11,32,32,0,0,0,0.1,0.55,d3,-0.1,0,d0,d0,0,F774D590279CE16E2AFE1201E18843F5CC8522F1120C72615197F772CDA19BF1,F774D590279CE16E2AFE1201E18843F5CC8522F1120C72615197F772CDA19BF1,complete,,0,6.13524882786,6.13524882786,0,3.7038512404,3.7038512404,6.40656263043,6.40656263043,6.40656263043,6.40656263043,1,1,1,1,1,1
local_d3_plus_0.10,prior_weight_error,d3_open_probability,0.1,0.75,11,32,32,0,0,0,0.1,0.55,d3,0.1,0,d0,d0,0,F774D590279CE16E2AFE1201E18843F5CC8522F1120C72615197F772CDA19BF1,F774D590279CE16E2AFE1201E18843F5CC8522F1120C72615197F772CDA19BF1,complete,,0,6.13524882786,6.13524882786,0,3.85058347043,3.85058347043,6.40656263043,6.40656263043,6.40656263043,6.40656263043,1,1,1,1,1,1
local_d4_minus_0.10,prior_weight_error,d4_open_probability,-0.1,0.75,11,32,32,0,0,0,0.1,0.55,d4,-0.1,0,d0,d0,0,F774D590279CE16E2AFE1201E18843F5CC8522F1120C72615197F772CDA19BF1,F774D590279CE16E2AFE1201E18843F5CC8522F1120C72615197F772CDA19BF1,complete,,0,6.13524882786,6.13524882786,0,3.66476124526,3.66476124526,6.40656263043,6.40656263043,6.40656263043,6.40656263043,1,1,1,1,1,1
local_d4_plus_0.10,prior_weight_error,d4_open_probability,0.1,0.75,11,32,32,0,0,0,0.1,0.55,d4,0.1,0,d0,d0,0,F774D590279CE16E2AFE1201E18843F5CC8522F1120C72615197F772CDA19BF1,F774D590279CE16E2AFE1201E18843F5CC8522F1120C72615197F772CDA19BF1,complete,,0,6.13524882786,6.13524882786,0,3.88967346557,3.88967346557,6.40656263043,6.40656263043,6.40656263043,6.40656263043,1,1,1,1,1,1
support_d0_jam_0.001,missing_support_error,d0_jammed_dead_end_world,0.001,0.75,11,32,33,1,1,0.001,0.001,,,,0.001,d0,bl,1,F774D590279CE16E2AFE1201E18843F5CC8522F1120C72615197F772CDA19BF1,E306680DA651ADFDDF81BC1101426FA39DE41496199C29D6CBC48BE7C6C4FCA7,undefined_on_expanded_support,undefined_out_of_support_history:1,1,,6.36081125014,,,3.79808226732,,6.36081125014,,6.36081125014,0,0.999,1,1,0,1
support_d0_jam_0.005,missing_support_error,d0_jammed_dead_end_world,0.005,0.75,11,32,33,1,1,0.005,0.005,,,,0.005,d0,bl,1,F774D590279CE16E2AFE1201E18843F5CC8522F1120C72615197F772CDA19BF1,E306680DA651ADFDDF81BC1101426FA39DE41496199C29D6CBC48BE7C6C4FCA7,undefined_on_expanded_support,undefined_out_of_support_history:1,1,,6.36081125014,,,3.78287473071,,6.36081125014,,6.36081125014,0,0.995,1,1,0,1
support_d0_jam_0.010,missing_support_error,d0_jammed_dead_end_world,0.01,0.75,11,32,33,1,1,0.01,0.01,,,,0.01,d0,bl,1,F774D590279CE16E2AFE1201E18843F5CC8522F1120C72615197F772CDA19BF1,E306680DA651ADFDDF81BC1101426FA39DE41496199C29D6CBC48BE7C6C4FCA7,undefined_on_expanded_support,undefined_out_of_support_history:1,1,,6.36081125014,,,3.76386530996,,6.36081125014,,6.36081125014,0,0.99,1,1,0,1
support_d0_jam_0.020,missing_support_error,d0_jammed_dead_end_world,0.02,0.75,11,32,33,1,1,0.02,0.02,,,,0.02,d0,bl,1,F774D590279CE16E2AFE1201E18843F5CC8522F1120C72615197F772CDA19BF1,E306680DA651ADFDDF81BC1101426FA39DE41496199C29D6CBC48BE7C6C4FCA7,undefined_on_expanded_support,undefined_out_of_support_history:1,1,,6.36081125014,,,3.72584646844,,6.36081125014,,6.36081125014,0,0.98,1,1,0,1
support_d0_jam_0.050,missing_support_error,d0_jammed_dead_end_world,0.05,0.75,11,32,33,1,1,0.05,0.05,,,,0.05,d0,bl,1,F774D590279CE16E2AFE1201E18843F5CC8522F1120C72615197F772CDA19BF1,E306680DA651ADFDDF81BC1101426FA39DE41496199C29D6CBC48BE7C6C4FCA7,undefined_on_expanded_support,undefined_out_of_support_history:1,1,,6.36081125014,,,3.6117899439,,6.36081125014,,6.36081125014,0,0.95,1,1,0,1
nominal,nominal,none,0,0.9,11,32,32,0,0,0,0,0.55,,,0,bl,bl,0,E306680DA651ADFDDF81BC1101426FA39DE41496199C29D6CBC48BE7C6C4FCA7,E306680DA651ADFDDF81BC1101426FA39DE41496199C29D6CBC48BE7C6C4FCA7,complete,,0,6.36081125014,6.36081125014,0,3.80188415147,3.80188415147,6.36081125014,6.36081125014,6.36081125014,6.36081125014,1,1,1,1,1,1
mixture_good_0.35,prior_weight_error,good_mode_weight,-0.2,0.9,11,32,32,0,0,0,0.176371776,0.35,,,0,bl,bl,0,E306680DA651ADFDDF81BC1101426FA39DE41496199C29D6CBC48BE7C6C4FCA7,E306680DA651ADFDDF81BC1101426FA39DE41496199C29D6CBC48BE7C6C4FCA7,complete,,0,6.36081125014,6.36081125014,0,3.08179854091,3.08179854091,6.36081125014,6.36081125014,6.36081125014,6.36081125014,1,1,1,1,1,1
mixture_good_0.45,prior_weight_error,good_mode_weight,-0.1,0.9,11,32,32,0,0,0,0.088185888,0.45,,,0,bl,bl,0,E306680DA651ADFDDF81BC1101426FA39DE41496199C29D6CBC48BE7C6C4FCA7,E306680DA651ADFDDF81BC1101426FA39DE41496199C29D6CBC48BE7C6C4FCA7,complete,,0,6.36081125014,6.36081125014,0,3.44184134619,3.44184134619,6.36081125014,6.36081125014,6.36081125014,6.36081125014,1,1,1,1,1,1
mixture_good_0.65,prior_weight_error,good_mode_weight,0.1,0.9,11,32,32,0,0,0,0.088185888,0.65,,,0,bl,bl,0,E306680DA651ADFDDF81BC1101426FA39DE41496199C29D6CBC48BE7C6C4FCA7,E306680DA651ADFDDF81BC1101426FA39DE41496199C29D6CBC48BE7C6C4FCA7,complete,,0,6.36081125014,6.36081125014,0,4.16192695675,4.16192695675,6.36081125014,6.36081125014,6.36081125014,6.36081125014,1,1,1,1,1,1
mixture_good_0.75,prior_weight_error,good_mode_weight,0.2,0.9,11,32,32,0,0,0,0.176371776,0.75,,,0,bl,bl,0,E306680DA651ADFDDF81BC1101426FA39DE41496199C29D6CBC48BE7C6C4FCA7,E306680DA651ADFDDF81BC1101426FA39DE41496199C29D6CBC48BE7C6C4FCA7,complete,,0,6.36081125014,6.36081125014,0,4.52196976203,4.52196976203,6.36081125014,6.36081125014,6.36081125014,6.36081125014,1,1,1,1,1,1
local_d0_minus_0.10,prior_weight_error,d0_open_probability,-0.1,0.9,11,32,32,0,0,0,0.1,0.55,d0,-0.1,0,bl,bl,0,E306680DA651ADFDDF81BC1101426FA39DE41496199C29D6CBC48BE7C6C4FCA7,E306680DA651ADFDDF81BC1101426FA39DE41496199C29D6CBC48BE7C6C4FCA7,complete,,0,6.36081125014,6.36081125014,0,3.5664592895,3.5664592895,6.36081125014,6.36081125014,6.36081125014,6.36081125014,1,1,1,1,1,1
local_d0_plus_0.10,prior_weight_error,d0_open_probability,0.1,0.9,11,32,32,0,0,0,0.1,0.55,d0,0.1,0,bl,bl,0,E306680DA651ADFDDF81BC1101426FA39DE41496199C29D6CBC48BE7C6C4FCA7,E306680DA651ADFDDF81BC1101426FA39DE41496199C29D6CBC48BE7C6C4FCA7,complete,,0,6.36081125014,6.36081125014,0,4.03730901344,4.03730901344,6.36081125014,6.36081125014,6.36081125014,6.36081125014,1,1,1,1,1,1
local_d1_minus_0.10,prior_weight_error,d1_open_probability,-0.1,0.9,11,32,32,0,0,0,0.1,0.55,d1,-0.1,0,bl,bl,0,E306680DA651ADFDDF81BC1101426FA39DE41496199C29D6CBC48BE7C6C4FCA7,E306680DA651ADFDDF81BC1101426FA39DE41496199C29D6CBC48BE7C6C4FCA7,complete,,0,6.36081125014,6.36081125014,0,3.68583857772,3.68583857772,6.36081125014,6.36081125014,6.36081125014,6.36081125014,1,1,1,1,1,1
local_d1_plus_0.10,prior_weight_error,d1_open_probability,0.1,0.9,11,32,32,0,0,0,0.1,0.55,d1,0.1,0,bl,bl,0,E306680DA651ADFDDF81BC1101426FA39DE41496199C29D6CBC48BE7C6C4FCA7,E306680DA651ADFDDF81BC1101426FA39DE41496199C29D6CBC48BE7C6C4FCA7,complete,,0,6.36081125014,6.36081125014,0,3.91792972522,3.91792972522,6.36081125014,6.36081125014,6.36081125014,6.36081125014,1,1,1,1,1,1
local_d2_minus_0.10,prior_weight_error,d2_open_probability,-0.1,0.9,11,32,32,0,0,0,0.1,0.55,d2,-0.1,0,bl,bl,0,E306680DA651ADFDDF81BC1101426FA39DE41496199C29D6CBC48BE7C6C4FCA7,E306680DA651ADFDDF81BC1101426FA39DE41496199C29D6CBC48BE7C6C4FCA7,complete,,0,6.36081125014,6.36081125014,0,3.7026283283,3.7026283283,6.36081125014,6.36081125014,6.36081125014,6.36081125014,1,1,1,1,1,1
local_d2_plus_0.10,prior_weight_error,d2_open_probability,0.1,0.9,11,32,32,0,0,0,0.1,0.55,d2,0.1,0,bl,bl,0,E306680DA651ADFDDF81BC1101426FA39DE41496199C29D6CBC48BE7C6C4FCA7,E306680DA651ADFDDF81BC1101426FA39DE41496199C29D6CBC48BE7C6C4FCA7,complete,,0,6.36081125014,6.36081125014,0,3.90113997464,3.90113997464,6.36081125014,6.36081125014,6.36081125014,6.36081125014,1,1,1,1,1,1
local_d3_minus_0.10,prior_weight_error,d3_open_probability,-0.1,0.9,11,32,32,0,0,0,0.1,0.55,d3,-0.1,0,bl,bl,0,E306680DA651ADFDDF81BC1101426FA39DE41496199C29D6CBC48BE7C6C4FCA7,E306680DA651ADFDDF81BC1101426FA39DE41496199C29D6CBC48BE7C6C4FCA7,complete,,0,6.36081125014,6.36081125014,0,3.72851803645,3.72851803645,6.36081125014,6.36081125014,6.36081125014,6.36081125014,1,1,1,1,1,1
local_d3_plus_0.10,prior_weight_error,d3_open_probability,0.1,0.9,11,32,32,0,0,0,0.1,0.55,d3,0.1,0,bl,bl,0,E306680DA651ADFDDF81BC1101426FA39DE41496199C29D6CBC48BE7C6C4FCA7,E306680DA651ADFDDF81BC1101426FA39DE41496199C29D6CBC48BE7C6C4FCA7,complete,,0,6.36081125014,6.36081125014,0,3.87525026649,3.87525026649,6.36081125014,6.36081125014,6.36081125014,6.36081125014,1,1,1,1,1,1
local_d4_minus_0.10,prior_weight_error,d4_open_probability,-0.1,0.9,11,32,32,0,0,0,0.1,0.55,d4,-0.1,0,bl,bl,0,E306680DA651ADFDDF81BC1101426FA39DE41496199C29D6CBC48BE7C6C4FCA7,E306680DA651ADFDDF81BC1101426FA39DE41496199C29D6CBC48BE7C6C4FCA7,complete,,0,6.36081125014,6.36081125014,0,3.68942804132,3.68942804132,6.36081125014,6.36081125014,6.36081125014,6.36081125014,1,1,1,1,1,1
local_d4_plus_0.10,prior_weight_error,d4_open_probability,0.1,0.9,11,32,32,0,0,0,0.1,0.55,d4,0.1,0,bl,bl,0,E306680DA651ADFDDF81BC1101426FA39DE41496199C29D6CBC48BE7C6C4FCA7,E306680DA651ADFDDF81BC1101426FA39DE41496199C29D6CBC48BE7C6C4FCA7,complete,,0,6.36081125014,6.36081125014,0,3.91434026162,3.91434026162,6.36081125014,6.36081125014,6.36081125014,6.36081125014,1,1,1,1,1,1
support_d0_jam_0.001,missing_support_error,d0_jammed_dead_end_world,0.001,0.9,11,32,33,1,1,0.001,0.001,,,,0.001,bl,bl,0,E306680DA651ADFDDF81BC1101426FA39DE41496199C29D6CBC48BE7C6C4FCA7,E306680DA651ADFDDF81BC1101426FA39DE41496199C29D6CBC48BE7C6C4FCA7,complete,,0,6.36081125014,6.36081125014,0,3.79808226732,3.79808226732,6.36081125014,6.36081125014,6.36081125014,6.36081125014,1,1,1,1,1,1
support_d0_jam_0.005,missing_support_error,d0_jammed_dead_end_world,0.005,0.9,11,32,33,1,1,0.005,0.005,,,,0.005,bl,bl,0,E306680DA651ADFDDF81BC1101426FA39DE41496199C29D6CBC48BE7C6C4FCA7,E306680DA651ADFDDF81BC1101426FA39DE41496199C29D6CBC48BE7C6C4FCA7,complete,,0,6.36081125014,6.36081125014,0,3.78287473071,3.78287473071,6.36081125014,6.36081125014,6.36081125014,6.36081125014,1,1,1,1,1,1
support_d0_jam_0.010,missing_support_error,d0_jammed_dead_end_world,0.01,0.9,11,32,33,1,1,0.01,0.01,,,,0.01,bl,bl,0,E306680DA651ADFDDF81BC1101426FA39DE41496199C29D6CBC48BE7C6C4FCA7,E306680DA651ADFDDF81BC1101426FA39DE41496199C29D6CBC48BE7C6C4FCA7,complete,,0,6.36081125014,6.36081125014,0,3.76386530996,3.76386530996,6.36081125014,6.36081125014,6.36081125014,6.36081125014,1,1,1,1,1,1
support_d0_jam_0.020,missing_support_error,d0_jammed_dead_end_world,0.02,0.9,11,32,33,1,1,0.02,0.02,,,,0.02,bl,bl,0,E306680DA651ADFDDF81BC1101426FA39DE41496199C29D6CBC48BE7C6C4FCA7,E306680DA651ADFDDF81BC1101426FA39DE41496199C29D6CBC48BE7C6C4FCA7,complete,,0,6.36081125014,6.36081125014,0,3.72584646844,3.72584646844,6.36081125014,6.36081125014,6.36081125014,6.36081125014,1,1,1,1,1,1
support_d0_jam_0.050,missing_support_error,d0_jammed_dead_end_world,0.05,0.9,11,32,33,1,1,0.05,0.05,,,,0.05,bl,bl,0,E306680DA651ADFDDF81BC1101426FA39DE41496199C29D6CBC48BE7C6C4FCA7,E306680DA651ADFDDF81BC1101426FA39DE41496199C29D6CBC48BE7C6C4FCA7,complete,,0,6.36081125014,6.36081125014,0,3.6117899439,3.6117899439,6.36081125014,6.36081125014,6.36081125014,6.36081125014,1,1,1,1,1,1
