family,instance_id,seed,method,original_objective,original_planning_alpha,common_objective,common_objective_planning_alpha,terminal_evaluation_statistic,terminal_evaluation_alpha,horizon,worlds,root_action,original_objective_value,expected_regret,static_cvar95_regret,worst_regret,common_proposed_nested_dynamic_regret,common_objective_gap_to_proposed,common_objective_optimal,hard_satisfaction_flag,exact_world_enumeration,frozen_raw_row_match
random_hub_m8,hub_seed_00,0,Worst absolute cost,worst_absolute_mission_cost,,proposed_nested_dynamic_hindsight_regret,0.5,static_terminal_cvar_regret,0.95,5,256,g,30,23.4994535938,25.6834232552,25.6834232552,25.5122660889,0,1,1,1,1
random_hub_m8,hub_seed_00,0,Minimax regret,worst_hindsight_regret,,proposed_nested_dynamic_hindsight_regret,0.5,static_terminal_cvar_regret,0.95,5,256,g,25.6834232552,23.4994535938,25.6834232552,25.6834232552,25.5122660889,0,1,1,1,1
random_hub_m8,hub_seed_00,0,Expected cost / regret,expected_absolute_cost_equiv_expected_regret,0,proposed_nested_dynamic_hindsight_regret,0.5,static_terminal_cvar_regret,0.95,5,256,u0,18.1444219478,11.6438755416,30.1280073983,30.1280073983,29.9426714815,4.4304053926,0,1,1,1
random_hub_m8,hub_seed_00,0,Dynamic CVaR cost a=0.5,nested_dynamic_absolute_cost,0.5,proposed_nested_dynamic_hindsight_regret,0.5,static_terminal_cvar_regret,0.95,5,256,g,30,23.4994535938,25.6834232552,25.6834232552,25.5122660889,0,1,1,1,1
random_hub_m8,hub_seed_00,0,Proposed dynamic CVaR regret a=0.5,nested_dynamic_hindsight_regret,0.5,proposed_nested_dynamic_hindsight_regret,0.5,static_terminal_cvar_regret,0.95,5,256,g,25.5122660889,23.4994535938,25.6834232552,25.6834232552,25.5122660889,0,1,1,1,1
random_hub_m8,hub_seed_01,1,Worst absolute cost,worst_absolute_mission_cost,,proposed_nested_dynamic_hindsight_regret,0.5,static_terminal_cvar_regret,0.95,5,256,g,30,23.6066036132,26.7609307025,26.7609307025,26.0868021893,0,1,1,1,1
random_hub_m8,hub_seed_01,1,Minimax regret,worst_hindsight_regret,,proposed_nested_dynamic_hindsight_regret,0.5,static_terminal_cvar_regret,0.95,5,256,g,26.7609307025,23.6066036132,26.7609307025,26.7609307025,26.0868021893,0,1,1,1,1
random_hub_m8,hub_seed_01,1,Expected cost / regret,expected_absolute_cost_equiv_expected_regret,0,proposed_nested_dynamic_hindsight_regret,0.5,static_terminal_cvar_regret,0.95,5,256,u1,18.1935590802,11.8001626934,31.5144354542,31.5144354542,30.0690560014,3.98225381216,0,1,1,1
random_hub_m8,hub_seed_01,1,Dynamic CVaR cost a=0.5,nested_dynamic_absolute_cost,0.5,proposed_nested_dynamic_hindsight_regret,0.5,static_terminal_cvar_regret,0.95,5,256,g,30,23.6066036132,26.7609307025,26.7609307025,26.0868021893,0,1,1,1,1
random_hub_m8,hub_seed_01,1,Proposed dynamic CVaR regret a=0.5,nested_dynamic_hindsight_regret,0.5,proposed_nested_dynamic_hindsight_regret,0.5,static_terminal_cvar_regret,0.95,5,256,g,26.0868021893,23.6066036132,26.7609307025,26.7609307025,26.0868021893,0,1,1,1,1
random_hub_m8,hub_seed_02,2,Worst absolute cost,worst_absolute_mission_cost,,proposed_nested_dynamic_hindsight_regret,0.5,static_terminal_cvar_regret,0.95,5,256,g,30,24.2114421112,26.9082551938,26.9082551938,26.865885124,0,1,1,1,1
random_hub_m8,hub_seed_02,2,Minimax regret,worst_hindsight_regret,,proposed_nested_dynamic_hindsight_regret,0.5,static_terminal_cvar_regret,0.95,5,256,g,26.9082551938,24.2114421112,26.9082551938,26.9082551938,26.865885124,0,1,1,1,1
random_hub_m8,hub_seed_02,2,Expected cost / regret,expected_absolute_cost_equiv_expected_regret,0,proposed_nested_dynamic_hindsight_regret,0.5,static_terminal_cvar_regret,0.95,5,256,u1,16.1525610332,10.3640031444,30.1918326093,30.1918326093,28.700215481,1.83433035701,0,1,1,1
random_hub_m8,hub_seed_02,2,Dynamic CVaR cost a=0.5,nested_dynamic_absolute_cost,0.5,proposed_nested_dynamic_hindsight_regret,0.5,static_terminal_cvar_regret,0.95,5,256,g,30,24.2114421112,26.9082551938,26.9082551938,26.865885124,0,1,1,1,1
random_hub_m8,hub_seed_02,2,Proposed dynamic CVaR regret a=0.5,nested_dynamic_hindsight_regret,0.5,proposed_nested_dynamic_hindsight_regret,0.5,static_terminal_cvar_regret,0.95,5,256,g,26.865885124,24.2114421112,26.9082551938,26.9082551938,26.865885124,0,1,1,1,1
random_hub_m8,hub_seed_03,3,Worst absolute cost,worst_absolute_mission_cost,,proposed_nested_dynamic_hindsight_regret,0.5,static_terminal_cvar_regret,0.95,5,256,g,30,24.0457655198,27.4328602449,27.4328602449,26.9903445188,0,1,1,1,1
random_hub_m8,hub_seed_03,3,Minimax regret,worst_hindsight_regret,,proposed_nested_dynamic_hindsight_regret,0.5,static_terminal_cvar_regret,0.95,5,256,g,27.4328602449,24.0457655198,27.4328602449,27.4328602449,26.9903445188,0,1,1,1,1
random_hub_m8,hub_seed_03,3,Expected cost / regret,expected_absolute_cost_equiv_expected_regret,0,proposed_nested_dynamic_hindsight_regret,0.5,static_terminal_cvar_regret,0.95,5,256,u1,19.3454491708,13.3912146906,32.3980392596,32.3980392596,31.3669044825,4.37655996363,0,1,1,1
random_hub_m8,hub_seed_03,3,Dynamic CVaR cost a=0.5,nested_dynamic_absolute_cost,0.5,proposed_nested_dynamic_hindsight_regret,0.5,static_terminal_cvar_regret,0.95,5,256,g,30,24.0457655198,27.4328602449,27.4328602449,26.9903445188,0,1,1,1,1
random_hub_m8,hub_seed_03,3,Proposed dynamic CVaR regret a=0.5,nested_dynamic_hindsight_regret,0.5,proposed_nested_dynamic_hindsight_regret,0.5,static_terminal_cvar_regret,0.95,5,256,g,26.9903445188,24.0457655198,27.4328602449,27.4328602449,26.9903445188,0,1,1,1,1
random_hub_m8,hub_seed_04,4,Worst absolute cost,worst_absolute_mission_cost,,proposed_nested_dynamic_hindsight_regret,0.5,static_terminal_cvar_regret,0.95,5,256,g,30,23.9745449503,26.7320380563,26.7320380563,26.6831800301,0,1,1,1,1
random_hub_m8,hub_seed_04,4,Minimax regret,worst_hindsight_regret,,proposed_nested_dynamic_hindsight_regret,0.5,static_terminal_cvar_regret,0.95,5,256,g,26.7320380563,23.9745449503,26.7320380563,26.7320380563,26.6831800301,0,1,1,1,1
random_hub_m8,hub_seed_04,4,Expected cost / regret,expected_absolute_cost_equiv_expected_regret,0,proposed_nested_dynamic_hindsight_regret,0.5,static_terminal_cvar_regret,0.95,5,256,u2,19.0307812559,13.0053262062,31.0029570918,31.0029570918,30.8799126133,4.1967325832,0,1,1,1
random_hub_m8,hub_seed_04,4,Dynamic CVaR cost a=0.5,nested_dynamic_absolute_cost,0.5,proposed_nested_dynamic_hindsight_regret,0.5,static_terminal_cvar_regret,0.95,5,256,g,30,23.9745449503,26.7320380563,26.7320380563,26.6831800301,0,1,1,1,1
random_hub_m8,hub_seed_04,4,Proposed dynamic CVaR regret a=0.5,nested_dynamic_hindsight_regret,0.5,proposed_nested_dynamic_hindsight_regret,0.5,static_terminal_cvar_regret,0.95,5,256,g,26.6831800301,23.9745449503,26.7320380563,26.7320380563,26.6831800301,0,1,1,1,1
random_hub_m8,hub_seed_05,5,Worst absolute cost,worst_absolute_mission_cost,,proposed_nested_dynamic_hindsight_regret,0.5,static_terminal_cvar_regret,0.95,5,256,g,30,23.4039724797,26.8511163143,26.8511163143,25.8382448556,0,1,1,1,1
random_hub_m8,hub_seed_05,5,Minimax regret,worst_hindsight_regret,,proposed_nested_dynamic_hindsight_regret,0.5,static_terminal_cvar_regret,0.95,5,256,g,26.8511163143,23.4039724797,26.8511163143,26.8511163143,25.8382448556,0,1,1,1,1
random_hub_m8,hub_seed_05,5,Expected cost / regret,expected_absolute_cost_equiv_expected_regret,0,proposed_nested_dynamic_hindsight_regret,0.5,static_terminal_cvar_regret,0.95,5,256,u0,18.8110693112,12.2150417909,29.5067204467,29.5067204467,29.2744179248,3.43617306924,0,1,1,1
random_hub_m8,hub_seed_05,5,Dynamic CVaR cost a=0.5,nested_dynamic_absolute_cost,0.5,proposed_nested_dynamic_hindsight_regret,0.5,static_terminal_cvar_regret,0.95,5,256,g,30,23.4039724797,26.8511163143,26.8511163143,25.8382448556,0,1,1,1,1
random_hub_m8,hub_seed_05,5,Proposed dynamic CVaR regret a=0.5,nested_dynamic_hindsight_regret,0.5,proposed_nested_dynamic_hindsight_regret,0.5,static_terminal_cvar_regret,0.95,5,256,g,25.8382448556,23.4039724797,26.8511163143,26.8511163143,25.8382448556,0,1,1,1,1
random_hub_m8,hub_seed_06,6,Worst absolute cost,worst_absolute_mission_cost,,proposed_nested_dynamic_hindsight_regret,0.5,static_terminal_cvar_regret,0.95,5,256,g,30,24.0856568025,27.4358515928,27.4358515928,26.9376904904,0,1,1,1,1
random_hub_m8,hub_seed_06,6,Minimax regret,worst_hindsight_regret,,proposed_nested_dynamic_hindsight_regret,0.5,static_terminal_cvar_regret,0.95,5,256,g,27.4358515928,24.0856568025,27.4358515928,27.4358515928,26.9376904904,0,1,1,1,1
random_hub_m8,hub_seed_06,6,Expected cost / regret,expected_absolute_cost_equiv_expected_regret,0,proposed_nested_dynamic_hindsight_regret,0.5,static_terminal_cvar_regret,0.95,5,256,u0,17.3734326554,11.4590894579,29.3946175043,29.3946175043,29.344175233,2.4064847426,0,1,1,1
random_hub_m8,hub_seed_06,6,Dynamic CVaR cost a=0.5,nested_dynamic_absolute_cost,0.5,proposed_nested_dynamic_hindsight_regret,0.5,static_terminal_cvar_regret,0.95,5,256,g,30,24.0856568025,27.4358515928,27.4358515928,26.9376904904,0,1,1,1,1
random_hub_m8,hub_seed_06,6,Proposed dynamic CVaR regret a=0.5,nested_dynamic_hindsight_regret,0.5,proposed_nested_dynamic_hindsight_regret,0.5,static_terminal_cvar_regret,0.95,5,256,g,26.9376904904,24.0856568025,27.4358515928,27.4358515928,26.9376904904,0,1,1,1,1
random_hub_m8,hub_seed_07,7,Worst absolute cost,worst_absolute_mission_cost,,proposed_nested_dynamic_hindsight_regret,0.5,static_terminal_cvar_regret,0.95,5,256,g,30,24.1970244857,27.2967600281,27.2967600281,27.1671781984,0,1,1,1,1
random_hub_m8,hub_seed_07,7,Minimax regret,worst_hindsight_regret,,proposed_nested_dynamic_hindsight_regret,0.5,static_terminal_cvar_regret,0.95,5,256,g,27.2967600281,24.1970244857,27.2967600281,27.2967600281,27.1671781984,0,1,1,1,1
random_hub_m8,hub_seed_07,7,Expected cost / regret,expected_absolute_cost_equiv_expected_regret,0,proposed_nested_dynamic_hindsight_regret,0.5,static_terminal_cvar_regret,0.95,5,256,u0,19.1842170685,13.3812415542,31.9641735418,31.9641735418,31.0076923315,3.84051413312,0,1,1,1
random_hub_m8,hub_seed_07,7,Dynamic CVaR cost a=0.5,nested_dynamic_absolute_cost,0.5,proposed_nested_dynamic_hindsight_regret,0.5,static_terminal_cvar_regret,0.95,5,256,g,30,24.1970244857,27.2967600281,27.2967600281,27.1671781984,0,1,1,1,1
random_hub_m8,hub_seed_07,7,Proposed dynamic CVaR regret a=0.5,nested_dynamic_hindsight_regret,0.5,proposed_nested_dynamic_hindsight_regret,0.5,static_terminal_cvar_regret,0.95,5,256,g,27.1671781984,24.1970244857,27.2967600281,27.2967600281,27.1671781984,0,1,1,1,1
random_hub_m8,hub_seed_08,8,Worst absolute cost,worst_absolute_mission_cost,,proposed_nested_dynamic_hindsight_regret,0.5,static_terminal_cvar_regret,0.95,5,256,g,30,24.2705018565,26.6969878531,26.6969878531,26.6310200058,0,1,1,1,1
random_hub_m8,hub_seed_08,8,Minimax regret,worst_hindsight_regret,,proposed_nested_dynamic_hindsight_regret,0.5,static_terminal_cvar_regret,0.95,5,256,g,26.6969878531,24.2705018565,26.6969878531,26.6969878531,26.6310200058,0,1,1,1,1
random_hub_m8,hub_seed_08,8,Expected cost / regret,expected_absolute_cost_equiv_expected_regret,0,proposed_nested_dynamic_hindsight_regret,0.5,static_terminal_cvar_regret,0.95,5,256,u1,16.9186868771,11.1891887336,31.0060421447,31.0060421447,30.7494140062,4.11839400034,0,1,1,1
random_hub_m8,hub_seed_08,8,Dynamic CVaR cost a=0.5,nested_dynamic_absolute_cost,0.5,proposed_nested_dynamic_hindsight_regret,0.5,static_terminal_cvar_regret,0.95,5,256,g,30,24.2705018565,26.6969878531,26.6969878531,26.6310200058,0,1,1,1,1
random_hub_m8,hub_seed_08,8,Proposed dynamic CVaR regret a=0.5,nested_dynamic_hindsight_regret,0.5,proposed_nested_dynamic_hindsight_regret,0.5,static_terminal_cvar_regret,0.95,5,256,g,26.6310200058,24.2705018565,26.6969878531,26.6969878531,26.6310200058,0,1,1,1,1
random_hub_m8,hub_seed_09,9,Worst absolute cost,worst_absolute_mission_cost,,proposed_nested_dynamic_hindsight_regret,0.5,static_terminal_cvar_regret,0.95,5,256,g,30,24.2655640624,27.2701828207,27.2701828207,27.2048885258,0,1,1,1,1
random_hub_m8,hub_seed_09,9,Minimax regret,worst_hindsight_regret,,proposed_nested_dynamic_hindsight_regret,0.5,static_terminal_cvar_regret,0.95,5,256,g,27.2701828207,24.2655640624,27.2701828207,27.2701828207,27.2048885258,0,1,1,1,1
random_hub_m8,hub_seed_09,9,Expected cost / regret,expected_absolute_cost_equiv_expected_regret,0,proposed_nested_dynamic_hindsight_regret,0.5,static_terminal_cvar_regret,0.95,5,256,u1,18.5009939408,12.7665580032,31.5425323806,31.5425323806,31.0211664733,3.81627794754,0,1,1,1
random_hub_m8,hub_seed_09,9,Dynamic CVaR cost a=0.5,nested_dynamic_absolute_cost,0.5,proposed_nested_dynamic_hindsight_regret,0.5,static_terminal_cvar_regret,0.95,5,256,g,30,24.2655640624,27.2701828207,27.2701828207,27.2048885258,0,1,1,1,1
random_hub_m8,hub_seed_09,9,Proposed dynamic CVaR regret a=0.5,nested_dynamic_hindsight_regret,0.5,proposed_nested_dynamic_hindsight_regret,0.5,static_terminal_cvar_regret,0.95,5,256,g,27.2048885258,24.2655640624,27.2701828207,27.2701828207,27.2048885258,0,1,1,1,1
intel_map_scLTL,intel_nominal,0,Worst absolute cost,worst_absolute_mission_cost,,proposed_nested_dynamic_hindsight_regret,0.5,static_terminal_cvar_regret,0.95,11,32,bl,25.8828191483,3.80188415147,6.36081125014,6.36081125014,5.7496931542,0.104916261333,0,1,1,1
intel_map_scLTL,intel_nominal,0,Minimax regret,worst_hindsight_regret,,proposed_nested_dynamic_hindsight_regret,0.5,static_terminal_cvar_regret,0.95,11,32,bl,6.36081125014,3.80188415147,6.36081125014,6.36081125014,5.7496931542,0.104916261333,0,1,1,1
intel_map_scLTL,intel_nominal,0,Expected cost / regret,expected_absolute_cost_equiv_expected_regret,0,proposed_nested_dynamic_hindsight_regret,0.5,static_terminal_cvar_regret,0.95,11,32,d0,25.4929304102,3.41199541333,6.78291306211,6.78291306211,5.66566451222,0.0208876193467,0,1,1,1
intel_map_scLTL,intel_nominal,0,Dynamic CVaR cost a=0.5,nested_dynamic_absolute_cost,0.5,proposed_nested_dynamic_hindsight_regret,0.5,static_terminal_cvar_regret,0.95,11,32,bl,25.8828191483,3.80188415147,6.36081125014,6.36081125014,5.7496931542,0.104916261333,0,1,1,1
intel_map_scLTL,intel_nominal,0,Proposed dynamic CVaR regret a=0.5,nested_dynamic_hindsight_regret,0.5,proposed_nested_dynamic_hindsight_regret,0.5,static_terminal_cvar_regret,0.95,11,32,d0,5.64477689287,3.77721735542,6.40656263043,6.40656263043,5.64477689287,0,1,1,1,1
